{
    "chemical json": 0,
    "name": "MeOH_G09",
    "smiles": "CO\tMeOH_G09.log\r\n",
    "inchi": "InChI=1S/CH4O/c1-2/h2H,1H3\n",
    "inchikey": "OKKJLVBELUTLKV-UHFFFAOYSA-N\n",
    "formula": "CH4O",
    "properties": {
        "partial charges": {
            "mulliken": [-0.077609, 0.098565, 0.064279, 0.064279, -0.375117, 0.225602],
            "mulliken_sum": [0.149515, 0.0, 0.0, 0.0, -0.149515, 0.0],
            "apt": [0.531763, -0.016954, -0.064585, -0.064585, -0.673103, 0.287465],
            "apt_sum": [0.385638, 0.0, 0.0, 0.0, -0.385638, 0.0]
        },
        "charge": 0,
        "enthalpy": -115.581262,
        "entropy": 9.069595841023377e-05,
        "energy": {
            "free energy": -115.608303,
            "alpha": {
                "homo": -7.8638181655995005,
                "gap": 9.233639289016502
            },
            "beta": {
                "homo": -7.8638181655995005,
                "gap": 9.233639289016502
            },
            "total": -3146.641236315358
        },
        "orbitals": {
            "homos": [8],
            "energies": [ [-522.563084678592, -279.1411906891625, -28.538756412739, -19.055044495113002, -14.225567876439001, -12.2867566916265, -11.9602200710265, -9.526433792154501, -7.8638181655995005, 1.3698211234170001, 2.3546011483765, 3.5004725728320003, 3.5660520108025002, 4.7274339247365, 7.534560406494501, 7.792252222918, 9.880998139356, 10.999930292612, 12.532203384777501, 12.8913936674375, 13.0285390480895, 14.0451563935575, 14.7978233040405, 14.8636748558615, 17.8313485094145, 18.8251082914405, 18.9785805031225, 20.5247314016635, 24.2004452942175, 25.105768074831, 27.039409096484, 27.376830271104, 28.862844008684498, 29.1197194835565, 29.583945712509504, 32.138550541003504, 33.8866099166155, 34.9805075956255, 36.138352029503004, 36.4912836936015, 37.196330680247, 37.965868649461, 41.6870255550485, 49.6942477198615, 51.911703487586, 52.3462693068345, 54.8181515247765, 56.15178150607701, 60.0177029801305, 60.453901482481996, 62.563328051558, 67.787369753457, 71.558867721387, 74.6100803270435, 76.2563691225685, 76.3336494561105, 77.3551648508875, 79.330439291667, 79.794121292919, 81.2425833191305, 81.461634968783, 81.8472202949415, 83.307655330575, 86.84023733776601, 89.8408367672295, 90.4302353674125, 92.1233277452235, 92.309181505115, 93.5938309933255, 94.25751667469501, 95.31467898388749, 95.9258466921105, 97.453765962668, 100.6851179373555, 101.2571012511065, 103.3398606628335, 104.2552516559155, 104.3363415833645, 107.38456093666551, 107.4128607771175, 108.1279759762315, 111.653210909459, 112.317168704679, 112.414041235457, 115.585256049184, 116.0219987792365, 117.81441271248, 120.6370496837165, 126.2741602106745, 127.12642079044049, 128.26304034397901, 130.678867108718, 133.610621734005, 135.1815349929415, 136.4408778930555, 138.565270723909, 141.3851865566405, 141.51688966028252, 142.0251983330165, 146.5112672723595, 150.568756897165, 157.2184030618335, 158.47284791263849, 159.6538220238085, 163.3045014421165, 168.560380464524, 177.1033948009715, 181.518442025334, 182.729348660059, 183.718210392776, 186.902486671327, 189.58933883116399, 193.456076646769, 201.7356847759325, 313.4237262582555, 355.161909217198] ],
            "molecular orbital symmetry": [
                [ "A", "A", "A", "A", "A", "A", "A", "A", "A", "A", "A", "A", "A", "A", "A", "A", "A", "A", "A", "A", "A", "A", "A", "A", "A", "A", "A", "A", "A", "A", "A", "A", "A", "A", "A", "A", "A", "A", "A", "A", "A", "A", "A", "A", "A", "A", "A", "A", "A", "A", "A", "A", "A", "A", "A", "A", "A", "A", "A", "A", "A", "A", "A", "A", "A", "A", "A", "A", "A", "A", "A", "A", "A", "A", "A", "A", "A", "A", "A", "A", "A", "A", "A", "A", "A", "A", "A", "A", "A", "A", "A", "A", "A", "A", "A", "A", "A", "A", "A", "A", "A", "A", "A", "A", "A", "A", "A", "A", "A", "A", "A", "A", "A", "A", "A", "A" ]
            ],
            "basis number": 116,
            "MO number": 116
        },
        "total dipole moment": 1.8118596441225794,
        "multiplicity": 1,
        "number of atoms": 6,
        "rotational": {
            "symmetry point group": "C1",
            "symmetry number": 1,
            "rotational constants": [128.64855, 24.99877, 24.11669],
            "rotational temperatures": [6.17415, 1.19975, 1.15742]
        },
        "pressure": 1.0,
        "temperature": 298.15,
        "energies": {
            "zero-point correction": 0.05139
        },
        "molecular mass": 32.04186
    },
    "atoms": {
        "coords": {
            "3d": [ 0.659787, -0.019591, 0.0, 1.085888, 0.983801, 1e-06, 1.025384, -0.544535, -0.889409, 1.025384, -0.544537, 0.889408, -0.745387, 0.122211, 0.0, -1.132287, -0.754871, 0.0 ]
        },
        "elements": {
            "number": [6, 1, 1, 1, 8, 1],
            "atom count": 6,
            "heavy atom count": 2
        },
        "core electrons": [0, 0, 0, 0, 0, 0]
    },
    "metadata": {
        "basis set": "CC-pVTZ",
        "ground or transition state": "ground_state",
        "dispersion model": "none",
        "functional": "PBE1PBE",
        "grid type": "fine",
        "keywords line": "opt=calcfc freq=noraman cc-pvtz scrf=(solvent=chloroform,pcm) pbe1pbe g09defaults",
        "memory": "12GB",
        "processors": 12,
        "QM program": "Gaussian 16, Revision C.01",
        "run date": "24-Aug-2021",
        "solvation": "scrf=(solvent=chloroform,pcm)"
    },
    "optimization": {
        "geometric targets": [0.00045, 0.0003, 0.0018, 0.0012],
        "geometric values": [[0.016696, 0.008398, 0.057757, 0.030926], [0.001256, 0.000582, 0.004122, 0.001979], [7.3e-05, 3e-05, 0.000157, 7.4e-05], [7.3e-05, 3e-05, 0.000164, 7.8e-05]],
        "done": true,
        "status": [1, 0, 4, 5],
        "scf": {
            "scf energies": [-3146.58876547233, -3146.641031658531, -3146.641236315358, -3146.641236315358],
            "targets": [[1e-08, 1e-06, 1e-06], [1e-08, 1e-06, 1e-06], [1e-08, 1e-06, 1e-06], [1e-08, 1e-06, 1e-06]]
        }
    },
    "vibrations": {
        "displacement": [[[0.0, 0.0, 0.0], [0.0, 0.0, 0.3], [0.06, 0.22, -0.1], [-0.06, -0.22, -0.1], [0.0, 0.0, -0.06], [0.0, 0.0, 0.89]], [[0.14, 0.06, 0.0], [0.62, -0.15, 0.0], [-0.2, -0.21, 0.04], [-0.2, -0.21, -0.04], [-0.15, 0.01, 0.0], [0.53, -0.3, 0.0]], [[0.25, -0.09, 0.0], [-0.31, 0.14, 0.0], [0.45, 0.16, -0.05], [0.45, 0.16, 0.05], [-0.19, 0.03, 0.0], [-0.53, 0.17, 0.0]], [[0.0, 0.0, -0.14], [0.0, 0.0, 0.29], [0.63, -0.13, 0.19], [-0.63, 0.13, 0.19], [0.0, 0.0, 0.06], [0.0, 0.0, 0.0]], [[-0.03, -0.12, 0.0], [-0.41, 0.04, 0.0], [0.12, 0.2, -0.13], [0.12, 0.2, 0.13], [-0.02, 0.08, 0.0], [0.76, -0.28, 0.0]], [[-0.11, -0.01, 0.0], [0.59, -0.29, 0.0], [0.47, 0.22, 0.08], [0.47, 0.22, -0.08], [-0.02, 0.0, 0.0], [0.01, -0.01, 0.0]], [[0.0, 0.0, -0.06], [0.0, 0.0, 0.72], [-0.33, -0.36, 0.06], [0.33, 0.36, 0.06], [0.0, 0.0, -0.01], [0.0, 0.0, -0.01]], [[0.03, -0.04, 0.0], [0.26, -0.11, 0.0], [-0.3, 0.45, -0.4], [-0.3, 0.45, 0.4], [0.01, -0.02, 0.0], [-0.13, 0.04, 0.0]], [[0.04, -0.03, 0.0], [-0.12, -0.3, 0.0], [-0.21, 0.31, 0.55], [-0.21, 0.31, -0.55], [0.0, 0.0, 0.0], [0.0, 0.0, 0.0]], [[0.0, 0.0, -0.09], [0.0, 0.0, -0.03], [-0.22, 0.35, 0.57], [0.22, -0.35, 0.57], [0.0, 0.0, 0.0], [0.0, 0.0, 0.0]], [[-0.02, -0.09, 0.0], [0.36, 0.88, 0.0], [-0.07, 0.09, 0.18], [-0.07, 0.09, -0.18], [0.0, 0.0, 0.0], [0.0, -0.02, 0.0]], [[0.0, 0.0, 0.0], [0.0, 0.01, 0.0], [0.0, 0.0, 0.0], [0.0, 0.0, 0.0], [-0.03, -0.06, 0.0], [0.41, 0.91, 0.0]]],
        "frequencies": [306.1109, 1060.7713, 1100.9466, 1174.098, 1379.1261, 1473.6308, 1482.5853, 1502.1789, 3008.9993, 3062.9991, 3123.854, 3882.2366],
        "force constants": [0.059, 1.0555, 1.6891, 1.0377, 1.4361, 1.458, 1.3527, 1.3877, 5.5215, 6.1081, 6.3186, 9.4704],
        "intensities": {
            "IR": [141.3576, 133.4368, 20.6886, 0.8046, 35.5573, 2.8603, 3.7658, 6.467, 69.1103, 72.6191, 37.8, 49.2682]
        },