{
    "chemical json": 0,
    "name": "TS_CH3HCH3",
    "smiles": "[CH3].C\tTS_CH3HCH3.log\r\n",
    "inchi": "InChI=1S/CH4.CH3/h1H4;1H3\n",
    "inchikey": "MPTFDWPVYTULLF-UHFFFAOYSA-N\n",
    "formula": "C2H7",
    "properties": {
        "partial charges": {
            "mulliken": [-0.727938, 0.193988, 0.193988, 0.193988, -0.727959, 0.19399, 0.19399, 0.19399, 0.291963],
            "mulliken_sum": [-0.145975, 0.0, 0.0, 0.0, 0.145975, 0.0, 0.0, 0.0, 0.0],
            "apt": [0.060186, -0.007954, -0.007954, -0.007953, 0.060175, -0.007947, -0.007948, -0.007948, -0.072655],
            "apt_sum": [0.036323, 0.0, 0.0, 0.0, -0.036323, 0.0, 0.0, 0.0, 0.0]
        },
        "charge": 0,
        "enthalpy": -79.823513,
        "entropy": 0.00010515176924367197,
        "energy": {
            "free energy": -79.854864,
            "alpha": {
                "homo": -4.9886632212165,
                "gap": 8.689683701867
            },
            "beta": {
                "homo": -9.987666768752,
                "gap": 8.450767741128
            },
            "total": -2174.329130224451
        },
        "orbitals": {
            "homos": [9, 8],
            "energies": [ [-275.124518141932, -275.1139057017625, -19.254231833679, -18.1208776463465, -11.042924280991, -11.042924280991, -10.9893178524425, -10.7237347343545, -10.7237347343545, -4.9886632212165, 3.7010204806505, 4.449605683376, 5.32254691578, 5.32254691578, 5.361731310252, 5.361731310252, 8.271716827498999, 17.367122280461498, 17.367122280461498, 19.09695002809, 21.224336111299, 22.016187416254002, 22.016187416254002, 26.1128614355315, 28.0742580699355, 28.591002272035, 28.591002272035, 29.092235984656003, 29.092235984656003, 34.0052515554335, 45.981254229789, 56.662539203465506], [-274.867098439359, -274.8564859991895, -18.6046960725355, -17.5059003442165, -10.8461859670795, -10.8461859670795, -10.529717558948, -10.529717558948, -9.987666768752, -1.536899027624, 3.8887790374955005, 4.6545074128025, 5.4975161216515, 5.4975161216515, 5.5511225502, 5.5511225502, 8.914993970081001, 17.495287904047, 17.495287904047, 20.393572525722497, 22.0621746569885, 22.172108652590502, 22.172108652590502, 26.0257850033715, 28.387461111861, 28.704201633843, 28.704201633843, 29.201353638706497, 29.201353638706497, 33.940216345163996, 46.647933163514004, 57.084859899441504] ],
            "molecular orbital symmetry": [
                [ "A1", "A1", "A1", "A1", "A1", "E", "E", "E", "E", "A1", "A1", "A1", "E", "E", "E", "E", "A1", "E", "E", "A1", "E", "E", "A1", "A1", "A1", "E", "E", "E", "E", "A1", "A1", "A1" ],
                [ "A1", "A1", "A1", "A1", "E", "E", "E", "E", "A1", "A1", "A1", "A1", "E", "E", "E", "E", "A1", "E", "E", "A1", "E", "E", "A1", "A1", "A1", "E", "E", "E", "E", "A1", "A1", "A1" ]
            ],
            "basis number": 32,
            "MO number": 32
        },
        "total dipole moment": 0.0,
        "multiplicity": 2,
        "number of atoms": 9,
        "rotational": {
            "symmetry point group": "C3V",
            "symmetry number": 3,
            "rotational constants": [75.40972, 8.01291, 8.01291],
            "rotational temperatures": [3.61909, 0.38456, 0.38456]
        },
        "pressure": 1.0,
        "S2 after annihilation": 0.75,
        "S2 before annihilation": 0.757,
        "temperature": 298.15,
        "energies": {
            "zero-point correction": 0.07583
        },
        "molecular mass": 31.076980000000006
    },
    "atoms": {
        "coords": {
            "3d": [ 0.0, 0.0, -1.348407, -0.911712, 0.526377, -1.630852, 0.911712, 0.526377, -1.630852, 0.0, -1.052755, -1.630852, 0.0, 0.0, 1.348408, 0.0, 1.052753, 1.630843, -0.91171, -0.526376, 1.630843, 0.91171, -0.526376, 1.630843, 0.0, 0.0, 2.4e-05 ]
        },
        "elements": {
            "number": [6, 1, 1, 1, 6, 1, 1, 1, 1],
            "atom count": 9,
            "heavy atom count": 2
        },
        "spins": {
            "mulliken": [0.622655, -0.023402, -0.023402, -0.023402, 0.622582, -0.023399, -0.023399, -0.023399, -0.104832]
        },
        "core electrons": [0, 0, 0, 0, 0, 0, 0, 0, 0]
    },
    "metadata": {
        "basis set": "3-21G",
        "ground or transition state": "transition_state",
        "dispersion model": "none",
        "functional": "B3LYP",
        "grid type": "sg1",
        "keywords line": "opt=(calcfc,ts,noeigen) freq b3lyp/3-21g",
        "QM program": "Gaussian 09, Revision A.02",
        "run date": "10-Dec-2021",
        "solvation": "gas_phase"
    },
    "optimization": {
        "geometric targets": [0.00045, 0.0003, 0.0018, 0.0012],
        "geometric values": [[0.016701, 0.00926, 0.140245, 0.067794], [0.001279, 0.000666, 0.008532, 0.003949], [8.2e-05, 3.9e-05, 0.000355, 0.000244], [8.2e-05, 3.9e-05, 0.000381, 0.00026]],
        "done": true,
        "status": [1, 0, 4, 5],
        "S2 after annihilation": [0.75, 0.75, 0.75, 0.75],
        "S2 before annihilation": [0.7566, 0.7569, 0.757, 0.757],
        "scf": {
            "scf energies": [-2174.1686882328227, -2174.328354248268, -2174.329130224451, -2174.329130224451],
            "targets": [[1e-08, 1e-06, 1e-06], [1e-08, 1e-06, 1e-06], [1e-08, 1e-06, 1e-06], [1e-08, 1e-06, 1e-06]]
        }
    },